term,ratio,conservative_count,liberal_count
rosenbaum,370000000001.0,37,0
self defense,360000000001.0,36,0
great bodily,270000000000.99997,27,0
bodily harm,270000000000.99997,27,0
bodily,270000000000.99997,27,0
mcginnis,230000000000.99997,23,0
grosskreutz,220000000000.99997,22,0
death great,190000000000.99997,19,0
huber,180000000000.99997,18,0
criminal complaint,180000000000.99997,18,0
reasonably,160000000000.99997,16,0
unlawful,150000000001.0,15,0
perfect self,130000000001.0,13,0
kyle,130000000001.0,13,0
stated,110000000001.0,11,0
hear,110000000001.0,11,0
interference person,110000000001.0,11,0
rittenhouse,110000000001.0,11,0
donbas,100000000001.0,10,0
unlawful conduct,100000000001.0,10,0
red sea,100000000001.0,10,0
mcginnis stated,100000000001.0,10,0
defendant defendant,90000000001.0,9,0
nikola,80000000001.0,8,0
aoc,80000000001.0,8,0
homicide,80000000001.0,8,0
statutes,80000000001.0,8,0
huber grosskreutz,80000000001.0,8,0
imminent death,70000000001.0,7,0
unnecessary,70000000001.0,7,0
actor,70000000001.0,7,0
reasonably believe,70000000001.0,7,0
dangerous weapon,70000000001.0,7,0
aircraft,70000000001.0,7,0
dont,70000000001.0,7,0
pointed,70000000001.0,7,0
kyle rittenhouse,70000000001.0,7,0
terminate,60000000001.0,6,0
flags,60000000001.0,6,0
ppl,60000000001.0,6,0
claim self,60000000001.0,6,0
guess,60000000001.0,6,0
intentional,60000000001.0,6,0
intentional homicide,60000000001.0,6,0
format,60000000001.0,6,0
terminating,60000000001.0,6,0
identity,60000000001.0,6,0
northbound,60000000001.0,6,0
prevent imminent,60000000001.0,6,0
harm death,60000000001.0,6,0
harm defendant,60000000001.0,6,0
reasonably believed,60000000001.0,6,0
degree intentional,60000000001.0,6,0
additional facts,60000000001.0,6,0
use dangerous,50000000001.0,5,0
greta thunberg,50000000001.0,5,0
defendant rosenbaum,50000000001.0,5,0
outlined,50000000001.0,5,0
second shooting,50000000001.0,5,0
defendant shot,50000000001.0,5,0
minimal,50000000001.0,5,0
responses,50000000001.0,5,0
hispanic,50000000001.0,5,0
preventing terminating,50000000001.0,5,0
defensive force,50000000001.0,5,0
ccp,50000000001.0,5,0
greta,50000000001.0,5,0
wave,50000000001.0,5,0
unnecessary defensive,50000000001.0,5,0
banning,50000000001.0,5,0
unlawful interference,50000000001.0,5,0
used necessary,50000000001.0,5,0
shooting facts,50000000001.0,5,0
jackson,50000000001.0,5,0
thunberg,50000000001.0,5,0
relevant,50000000001.0,5,0
subreddit,50000000001.0,5,0
force used,50000000001.0,5,0
anti aircraft,50000000001.0,5,0
https com,50000000001.0,5,0
danger death,50000000001.0,5,0
firearm,50000000001.0,5,0
msg,50000000001.0,5,0
provoke,50000000001.0,5,0
provoke attack,50000000001.0,5,0
imminent danger,50000000001.0,5,0
terminating unlawful,50000000001.0,5,0
defendant gun,50000000001.0,5,0
identity politics,50000000001.0,5,0
carrying,50000000001.0,5,0
voting trump,50000000001.0,5,0
kills,50000000001.0,5,0
50s,40000000001.0,4,0
army,40000000001.0,4,0
entitled claim,40000000001.0,4,0
opinionated,40000000001.0,4,0
entitled,40000000001.0,4,0
wish,40000000001.0,4,0
defense unnecessary,40000000001.0,4,0
facts outlined,40000000001.0,4,0
